predictor,auc,se,ci_low,ci_high,n_pos,n_neg,n_total
cadd_phred,0.5089761876676738,0.0071214232505205245,0.4954526965159686,0.5230462994675406,6450,2563,9013
rna_seq_effect,0.5620590855244338,0.006607076045871133,0.5495946625575002,0.5759823472379461,6433,2552,8985
cage_effect,0.5391890645656919,0.006286714780702665,0.5273792119946943,0.5519822643297644,6433,2552,8985
dnase_effect,0.5342741640746407,0.006784003038766991,0.5214010046819171,0.5475244210370198,6433,2552,8985
chip_histone_effect,0.5381827915621207,0.006737071393474628,0.5241325961978153,0.5510046058067698,6433,2552,8985
alphgenome_composite,0.5542139022097561,0.006677155608181572,0.5412330274363223,0.5675216245900915,6433,2552,8985
