modality,case_mean,ctrl_mean,cohen_d,interpretation,aggregate_IR_rna_seq,aggregate_OR_rna_seq,aggregate_OR_CI_lower,aggregate_OR_CI_upper,percentile_cutoff
RNA-seq,0.5634997349179368,0.5282149813756222,0.0139239089872802,negligible,1.074,1.3,1.12,1.52,90th
CAGE,42.625694722667376,40.56010270319065,0.0069172285482578,negligible,1.074,1.3,1.12,1.52,90th
DNase,2.3960151259376112,2.554044912642792,-0.0161600949963834,negligible,1.074,1.3,1.12,1.52,90th
ChIP-histone,120.48449074074074,114.76659663865546,0.0775722382246564,negligible,1.074,1.3,1.12,1.52,90th
