Confounder	Spearman_r	P_value
N_variants	-0.0089780980955928	0.9486256190774781
Gene_length	0.009110141227902465	0.9478710802656546
Variant_density	-0.018792048641656553	0.8927119519476845
CE_pct	-0.2844400396432111	0.03710898398019183
Mean_AG_score	-0.19958451660793855	0.14791767039012038
