tissue,case_rate_pct,ctrl_rate_pct,odds_ratio,fisher_p,case_n_eqtl,case_n_total,ctrl_n_eqtl,ctrl_n_total
Blood (eQTLGen),39.28977272727272,48.07531380753138,0.6989875023061294,6.294262512816963e-14,2766,7040,1149,2390
Brain (GTEx V10),2.55681818181818,2.30125523012552,1.1139676649880732,0.543540738083868,180,7040,55,2390
