Group,Modality,n,High_pct,Low_pct,IR,P_value,Effect_size
AD,RNA_SEQ,9884,76.4756446991404,72.45855489521426,1.0554398277709989,1.2982924102181177e-05,0.05543982777099887
AD,CAGE,9884,76.26999059266227,72.0703125,1.0582719561908693,2.655081184545888e-06,0.058271956190869334
AD,CHIP_HISTONE,9884,77.00650759219089,72.66085979207642,1.0598072719281029,9.04071465819456e-06,0.05980727192810287
AD,DNASE,9884,75.30331071355131,72.495518820952,1.0387305579470911,0.0015745725303472355,0.03873055794709113
Non-AD,RNA_SEQ,1729099,71.39359302570158,71.80117158357204,0.994323511039147,2.8268035274152926e-09,0.005676488960853043
Non-AD,CAGE,1729099,71.5173793308997,71.67226204518646,0.9978390145662054,0.024109646120980127,0.0021609854337946155
Non-AD,CHIP_HISTONE,1729099,71.48840263755115,71.63673481810285,0.9979293838429635,0.058202184905689014,0.00207061615703652
Non-AD,DNASE,1729099,71.61875529535912,71.57853500326836,1.0005619043766254,0.5583722743654576,0.0005619043766253995
